Sales Increase,Date,Years of Servicing Client,Overall Discount,Sales Rep Seniority,Sales Client per month,Family Brand,Region,% product demonstration,Nb of Brands,Nb Orders with litigation,Nb of visits to client,Clients Visited per m by SalesRep,Nb clients per SalesRep
669,15,1.2,16.79,19.7,441,No,Large Cities,10.75,1,0,13,24,108
233,122,1.2,28.2,19.7,1759,No,South East,38.48,9,20,13,36,153
-321,6,1.3,52.67,2,381,Global,Large Cities,33.27,3,50,8,42,124
-51,93,1.3,64.46,2.2,70,No,South West,74.24,4,0,22,0,
-213,22,1.3,39.29,3,4999,REGIONALE,North,64.64,11,25,18,50,223
340,52,1.3,50,3.5,152,No,South West,100,2,0,19,34,117
1185,113,1.3,22,4.7,1506,No,Large Cities,7.44,4,0,25,42,124
2323,114,1.3,23.92,4.7,2312,No,Large Cities,13.03,8,0,25,42,124
4397,10,1.3,25.14,19.7,6775,No,South East,8.2,10,3.22,32,24,120
1881,86,1.3,22.93,19.7,1952,No,South East,14.84,8,20,8,40,208
-20,33,1.4,50,3.6,101,No,Large Cities,100,1,0,11,61,178
-1193,23,1.4,41.13,4,11373,No,Large Cities,33.5,10,0,17,37,156
1793,79,1.4,29.66,4.7,3149,No,Large Cities,46.92,6,0,31,42,124
431,101,1.4,45.1,6.8,241,No,South West,36.67,3,0,19,39,86
26,24,1.4,26.91,7.6,592,No,Large Cities,54.69,4,0,8,24,84
225,143,1.4,38.75,8.3,3859,Brand,North,9.37,15,0,16,,
462,76,1.4,38.86,12.4,313,No,South West,36.13,3,0,10,34,79
2647,74,1.4,23.47,19.7,3143,No,South East,8.3,11,0,10,21,129
-10,128,1.4,28.65,19.7,2990,No,South West,10.06,11,57.14,18,19,107
5500,125,1.4,20.46,19.7,8343,No,East,22.4,13,0,20,21,95
1095,70,1.4,39.8,19.7,1269,No,South East,25.18,7,0,15,21,113
1040,1,1.4,15.5,19.7,850,No,Large Cities,41.01,4,0,11,24,108
3420,65,1.5,33.05,3,4556,Brand,North,11.69,10,16.66,20,46,207
1225,33,1.5,32.98,3.4,3888,No,West,49.57,8,21.42,20,50,95
436,162,1.5,12.11,3.6,283,No,Large Cities,87.88,3,0,8,61,178
845,19,1.5,23.19,4.7,702,No,Large Cities,45.84,3,0,13,42,124
-959,18,1.5,32.46,19.7,1215,No,South East,19.78,6,42.85,12,40,208
-815,157,1.6,47.32,3.4,5600,No,West,33.77,12,0,17,50,95
641,11,1.6,24.94,4.9,1065,No,North,24.71,3,0,8,50,135
2294,52,1.6,26.05,7.6,4490,No,Large Cities,35.92,11,14.28,28,24,84
626,12,1.6,29.55,7.6,541,No,Large Cities,73.82,3,0,5,24,84
864,50,1.6,12.05,19.7,905,No,East,28.34,1,25,9,32,115
1915,98,1.6,25.9,19.7,2059,Brand,South East,29.78,9,0,7,24,120
-4082,34,1.7,45.82,2,6712,Global,South East,54.62,11,20,3,38,136
-672,117,1.7,34.38,19.7,975,No,South East,36.91,5,25,11,21,129
-292,77,1.7,50,19.7,808,Global,South West,100,1,0,15,19,107
-1058,33,1.8,99.49,3,61,No,North,100,2,0,11,46,207
-1514,144,1.8,43.86,3.3,878,No,North,13.29,5,0,16,61,98
328,108,1.8,28.52,4,857,No,Large Cities,29.88,4,0,6,37,156
-1080,84,1.8,43,10.5,876,No,South West,72.02,7,0,26,20,94
1139,83,1.8,53.22,19.5,4507,Global,South West,13.97,14,12.5,15,31,101
5067,16,1.8,30,19.5,14928,No,South West,22.97,13,37.5,23,31,101
-2371,20,1.8,42.57,19.7,5053,No,West,23.14,9,12.5,15,29,86
-714,106,1.8,28.81,19.7,808,No,South East,37.32,4,0,7,40,208
-1005,91,1.8,33.31,19.7,999,No,South East,38.51,4,0,8,38,136
107,139,1.8,24.19,19.7,329,Brand,South East,86.2,3,0,4,38,136
1914,69,1.9,25.73,2.7,5374,No,East,11.68,11,0,17,27,56
-1084,3,1.9,28.77,3.4,5748,No,West,24.64,12,11.11,25,50,95
-2381,97,1.9,38.42,4,2660,No,Large Cities,73.47,6,11.11,18,37,156
100,69,1.9,14.96,4.9,125,No,North,100,1,0,3,50,135
-4500,131,1.9,34.91,5.6,13006,No,East,48.5,15,9.09,10,30,138
1139,37,1.9,25.03,7.6,1497,No,Large Cities,40.46,5,0,17,24,84
-4500,49,1.9,45.09,7.7,5892,Brand,South West,31.66,15,0,17,34,105
405,129,1.9,50,7.7,138,No,South West,100,1,0,7,34,105
11,82,1.9,48.27,19.5,1020,Global,South West,45.23,3,0,10,31,101
99,3,1.9,25.04,19.7,5779,No,South East,22.18,12,20,14,38,136
-744,27,1.9,38.46,19.7,755,No,West,52.6,2,0,13,43,133
-2161,132,2,35.97,5.6,6248,No,East,45.66,13,0,20,30,138
858,123,2,34.99,7.7,3197,No,East,31.94,8,0,21,37,134
-117,95,2,50,19.3,791,Global,West,100,1,0,2,30,93
-495,75,2,22.16,19.7,3013,Brand,Large Cities,15.86,13,0,10,24,108
194,60,2,26.7,19.7,4265,No,South East,17.6,12,27.27,18,30,120
271,72,2,23.51,19.7,374,Brand,East,30.06,5,75,9,21,95
496,94,2,18.45,19.7,495,No,Large Cities,33.05,4,0,10,29,138
465,42,2,45.1,19.7,1094,No,South East,45.03,4,25,9,21,129
-765,54,2,32.81,19.7,1116,No,South East,58.57,4,0,7,40,208
490,161,2.1,27.44,2,1790,No,South East,51.6,1,0,11,,
-4500,39,2.1,29.85,2.3,9375,No,West,38.89,15,7.14,12,14,19
-926,21,2.1,34.8,7.4,1740,No,Large Cities,60.17,9,0,15,32,144
-1689,41,2.1,28.36,19.7,1750,No,Large Cities,46.05,11,0,14,24,108
478,18,2.1,44.5,19.7,293,No,Large Cities,47.15,3,0,8,24,78
164,63,2.2,43.96,2.1,116,No,North,100,1,0,10,,
-770,57,2.2,32.03,3.4,2675,No,West,30.53,10,7.69,18,50,95
-4,98,2.2,43.05,7.4,1525,Global,Large Cities,62.89,2,0,8,32,144
-1466,95,2.2,24.61,15.9,1571,No,East,10.55,4,0,12,34,115
3684,29,2.2,28.49,19.3,10122,No,West,28.6,14,6.25,22,30,93
-413,97,2.2,34.57,19.7,986,No,South East,17.28,4,25,11,21,129
-4225,93,2.2,29.51,19.7,10055,No,South East,19.68,14,27.27,10,38,136
5500,20,2.2,40.81,19.7,10279,Global,South West,28.88,6,0,18,19,107
2258,132,2.2,28.16,19.7,3020,No,South East,30.82,12,0,10,40,208
-4500,76,2.2,31.42,19.7,10438,No,Large Cities,40.93,13,8.33,14,29,138
-407,157,2.2,38.11,19.7,2335,No,Large Cities,44.85,6,16.66,17,29,138
-2241,136,2.2,22.93,19.7,1623,No,East,45.86,1,0,7,20,146
386,62,2.2,50,19.7,191,No,East,100,2,0,12,21,95
193,144,2.3,23.46,2.3,4063,No,West,14.8,11,9.09,10,14,19
-2403,96,2.3,37.1,3,1683,No,North,48.33,7,25,12,50,223
-3419,66,2.3,26.04,3.4,2135,No,West,14.68,11,14.28,24,50,95
359,72,2.3,24.95,3.5,451,No,North,36.87,2,0,13,55,99
-391,113,2.3,34.44,5.6,1827,Global,East,35.98,4,14.28,10,30,138
364,47,2.3,30.18,7.4,155,No,Large Cities,100,1,0,7,32,144
1916,55,2.3,31.02,8.3,4745,No,North,29.78,13,7.14,18,,
260,110,2.3,29.38,8.3,322,Global,North,88.4,3,0,3,,
449,20,2.3,36.25,10.4,981,No,South East,37.04,5,50,9,30,158
1387,149,2.3,25.42,10.4,1722,No,South East,40.75,4,0,7,30,158
-620,48,2.3,18.6,10.5,1343,No,South West,21.21,8,0,21,20,94
267,18,2.3,50,10.5,303,No,South West,100,1,0,9,20,94
947,53,2.3,10.57,19.7,837,No,Large Cities,15.68,5,20,17,24,78
-4500,93,2.3,41.14,19.7,1967,No,East,47.2,8,0,12,32,115
-936,104,2.4,21.71,4.9,2369,No,North,18.24,10,0,13,50,135
-1012,48,2.4,28.59,5.6,1621,No,East,39.23,3,0,12,30,138
874,102,2.4,25.6,7.4,1162,No,Large Cities,33.7,5,0,13,32,144
-1645,45,2.4,27.54,7.7,6282,Brand,South West,9.01,8,0,15,34,105
-1333,44,2.4,44.44,14.6,1755,REGIONALE,South West,84.85,3,0,11,27,74
-522,87,2.4,28.91,16.5,9117,Brand,East,13.25,14,6.66,16,40,129
438,69,2.4,27.67,19.5,3445,No,South West,25.87,12,0,10,31,101
651,148,2.4,28.77,19.7,4213,No,West,23.82,13,14.28,17,29,86
-3808,152,2.5,35.11,2,3066,No,West,19.39,6,50,8,,27
473,6,2.5,33.88,3,1245,Brand,North,18.25,9,16.66,12,46,207
-1099,85,2.5,30.36,3,4702,No,North,25.95,12,26.66,22,50,223
-1587,53,2.5,31.24,4.9,4212,No,North,31.91,5,0,15,50,135
-43,112,2.5,27.63,6.8,2430,No,South West,29.71,8,20,18,39,86
40,127,2.5,36.12,19.7,2762,No,East,31.84,8,0,15,20,146
-678,99,2.5,31.05,19.7,242,No,South East,68.36,1,50,8,36,153
-916,77,2.5,28.99,19.7,840,No,East,75.22,2,0,12,32,115
-801,145,2.6,23.73,2,890,No,North,22.45,4,25,9,,67
-4500,14,2.6,41.98,2,10236,Global,South East,23.66,12,0,3,38,136
-231,145,2.6,17.37,3.6,195,No,Large Cities,43.03,3,0,10,61,178
-300,116,2.6,50,10.5,808,Global,South West,100,1,0,6,20,94
-4500,17,2.6,33.84,15,3233,No,Large Cities,41.4,10,20,16,23,135
789,114,2.6,27.58,15.9,4070,No,East,28.79,11,0,18,34,115
-1569,94,2.6,30.83,16.5,480,No,East,45.32,3,0,8,40,129
-2726,41,2.6,22.72,19.7,2764,No,East,9.33,9,0,15,21,95
-2067,27,2.6,32.92,19.7,3361,No,South East,17.3,12,0,24,21,113
-555,153,2.6,24.22,19.7,2259,No,South East,18.7,8,0,11,21,129
-4107,3,2.6,33.56,19.7,7205,No,South East,31.73,14,17.64,20,38,136
-2614,61,2.7,25.86,2,1069,No,North,27.25,8,25,11,,67
-366,130,2.7,37.77,19.7,9205,No,South East,10.48,12,8.33,24,24,120
2460,38,2.8,25.28,2.3,3097,No,West,18.5,4,11.11,14,14,19
-1376,93,2.8,28.8,3,4295,No,North,25.41,11,33.33,14,46,207
-3645,118,2.8,34.77,3.5,1958,No,South West,45.56,7,0,16,34,117
-458,5,2.8,24,8.3,1561,No,North,16.53,7,0,12,,
-771,48,2.8,49.09,8.3,1102,Brand,North,95.47,2,0,7,,
1133,58,2.8,27.18,15.9,2909,No,East,27.6,9,11.11,11,34,115
-229,63,2.8,33.62,19.7,5236,No,East,15.67,10,0,15,32,115
406,140,2.8,22.77,19.7,1034,No,South East,16.33,5,0,14,36,153
-2835,92,2.8,36.75,19.7,8713,No,South West,19.49,11,5,35,19,107
728,149,2.8,30.01,19.7,548,No,Large Cities,29.59,2,0,13,29,138
-541,4,2.9,23.52,3.3,738,No,North,32.6,4,0,7,61,98
-249,39,2.9,27.73,4.9,2144,No,North,30.5,3,0,12,50,135
577,34,2.9,34.9,7.7,358,No,South West,51.27,5,0,10,34,105
878,84,2.9,37.87,10.4,1660,No,South East,59.03,3,0,9,30,158
-1829,51,2.9,26.12,15.9,2650,No,East,23.34,11,0,17,34,115
201,24,2.9,23.46,15.9,2674,No,East,32.89,7,0,12,34,115
-2185,63,2.9,32.44,19.7,2742,No,Large Cities,26.55,7,0,15,24,78
-4500,120,2.9,28.17,19.7,2243,No,Large Cities,35.12,8,0,14,29,138
-228,115,2.9,27.63,19.7,1474,No,South East,45.43,3,25,9,21,129
811,109,3,24.88,3,2031,No,North,29.04,10,14.28,21,46,207
-872,9,3,27.83,4.6,3773,No,West,8.21,7,0,14,0,44
149,140,3,45.18,10.4,2620,No,South East,25.13,7,20,13,30,158
1617,74,3,30.1,19.7,10015,No,East,24.49,13,0,14,20,146
137,53,3,45.56,19.7,2012,Global,East,50.58,2,0,6,32,115
-198,28,3.1,25.09,3.4,2191,No,West,48.41,6,0,10,50,95
-434,72,3.2,44.75,2.3,574,No,West,91.91,5,0,4,14,19
-2900,60,3.2,27.31,8.3,4116,No,North,36.2,12,0,13,,
-378,131,3.2,30.76,10.4,5659,No,South East,28.92,10,0,12,30,158
632,136,3.2,28.4,10.4,668,No,South East,64.88,1,0,6,30,158
-21,143,3.2,34.04,19.7,2119,Brand,South East,18.76,7,0,20,21,129
340,13,3.3,50,10.4,511,Brand,South East,50,1,0,13,30,158
2009,63,3.3,37.3,19.5,24347,No,South West,14.66,14,0,35,31,101
197,145,3.3,26.21,19.7,2438,No,South East,23.91,8,11.11,17,24,120
1408,147,3.3,31.56,19.7,1626,No,South East,38.51,7,16.66,9,40,208
-235,115,3.4,37.85,2.2,197,No,South West,82.96,1,0,10,0,
60,21,3.4,27.82,3.1,695,No,East,30.08,2,0,14,25,96
430,144,3.4,21.34,19.7,4928,No,South East,2.72,14,9.09,13,21,129
1399,125,3.4,31.16,19.7,7908,No,South East,18.91,13,0,14,21,129
165,89,3.4,30,19.7,126,No,Large Cities,31.66,1,0,7,24,108
-58,4,3.4,24.16,19.7,728,No,South East,73.36,2,0,11,38,136
-694,111,3.5,36.85,2,3630,No,South East,10.48,12,0,11,,
-4500,94,3.5,36.43,7.7,15236,Brand,South West,21.36,12,5.55,22,34,105
-910,132,3.5,47.36,19.7,3834,Global,South West,31.5,7,0,17,51,111
641,109,3.5,30.3,19.7,1044,No,South West,73.44,3,0,9,19,107
-1930,25,3.6,35.28,3,1473,No,North,63.19,6,0,13,46,207
-1153,91,3.6,31.18,6.7,5256,Global,West,12.08,8,0,13,22,48
1047,91,3.6,33.42,8.3,2912,No,North,30.26,5,20,9,,
-2000,137,3.6,28.11,19.7,3317,No,South East,5.24,10,0,18,38,136
1112,3,3.6,20.23,19.7,2054,No,Large Cities,25.35,5,0,11,29,138
-438,119,3.7,20.83,3.1,1725,No,East,17.06,3,25,18,25,96
-766,98,3.7,26.02,4.6,4974,No,West,12.71,9,0,12,0,44
-207,46,3.7,31.18,19.7,1112,No,Large Cities,53.27,6,0,14,29,138
-4500,64,3.8,39.16,8.3,4380,Brand,North,9.8,16,16.66,15,,
-306,88,3.8,23.41,10.4,3646,No,South East,22.95,14,0,9,30,158
381,65,3.8,25.9,19.7,4607,No,South East,12.61,6,8.33,25,21,129
672,22,3.8,27.62,19.7,2746,No,South East,19.83,6,0,13,21,129
-1465,8,3.8,50,19.7,97,No,East,100,1,0,4,32,115
268,25,3.9,50,7.7,337,No,South West,100,1,0,4,34,105
114,148,3.9,26.99,8.3,1774,No,North,26.13,7,0,12,,
774,149,3.9,28.97,19.7,522,No,South East,28.97,3,50,15,21,113
3,9,3.9,39.27,19.7,900,No,Large Cities,35.22,3,0,12,29,138
387,132,3.9,27.36,19.7,746,No,South East,37.77,5,0,10,40,208
-1458,100,3.9,20.75,19.7,1619,No,East,39.62,8,0,14,32,115
-255,162,4,50,2,867,No,South East,100,1,0,5,,
-4202,30,4,37.33,5.7,6683,Brand,South East,6.32,8,0,23,27,95
-2195,62,4,33.65,6.7,3485,Global,West,24.56,11,0,11,22,48
123,14,4,17.02,19.7,3865,Brand,East,10.82,10,0,20,20,146
-2161,25,4,28.43,19.7,3002,No,Large Cities,27.31,11,0,11,24,78
-1021,83,4,56.46,19.7,566,No,South East,42.27,6,0,16,21,113
-366,58,4.1,36.04,3.6,958,No,Large Cities,41.25,3,0,9,61,178
-1130,78,4.1,34.76,6.7,394,No,West,74.5,3,100,14,22,48
-669,106,4.1,20.68,19.5,3266,No,South West,5.96,11,20,13,31,101
871,155,4.1,31.66,19.7,6596,Global,West,10.95,9,12.5,14,36,105
-306,121,4.1,29.06,19.7,1323,No,South East,31.28,7,25,10,40,208
187,49,4.2,50,2.3,190,No,West,100,1,0,2,14,19
-1420,99,4.2,21.44,7.4,2942,No,Large Cities,30.32,15,0,12,32,144
-17,59,4.2,23.76,19.7,2660,No,East,17.87,6,0,21,21,95
-350,11,4.2,22.56,19.7,1417,No,West,20.42,4,0,14,29,86
-824,39,4.2,29.86,19.7,2539,No,South West,23.4,8,0,12,19,107
23,77,4.2,29.58,19.7,821,No,West,32.39,5,0,5,36,105
-209,82,4.2,14.97,19.7,176,No,Large Cities,100,1,0,18,24,108
-1594,18,4.3,29.46,2,1843,No,North,58.22,6,20,12,,67
1156,31,4.3,24.59,4,3038,No,Large Cities,9.44,5,28.57,10,37,156
-1536,16,4.3,38.19,8.3,5392,Brand,North,13.16,4,27.27,18,,
-1919,133,4.3,42.04,10.5,685,Brand,South West,56.46,11,0,6,20,94
3136,136,4.3,31.29,12.4,7378,No,South West,25.85,13,11.11,13,34,79
-99,119,4.3,50,15,1011,No,Large Cities,100,1,0,4,23,135
-4500,62,4.3,36.2,19.7,4947,No,South East,8.81,11,20,3,40,208
740,158,4.3,25.82,19.7,2346,No,West,15.66,7,20,12,29,86
262,106,4.3,26.89,19.7,1672,No,East,32.35,6,0,13,20,146
751,45,4.4,21.49,5.6,2308,No,East,16.47,13,0,13,30,138
1683,101,4.4,23.34,15.9,3333,No,East,9.81,11,16.66,14,34,115
-712,114,4.4,33.18,19.7,7907,Brand,South East,6.9,14,8.33,19,21,129
-4500,152,4.4,32.07,19.7,3465,Brand,South East,6.9,5,16.66,17,36,153
-248,35,4.4,37.67,19.7,2379,Brand,South East,13.94,9,12.5,12,21,129
629,73,4.4,29.41,19.7,1430,No,South East,37.04,6,0,10,21,129
-50,43,4.5,50,10.4,606,No,East,100,1,0,8,37,124
-319,46,4.5,22.9,19.7,3911,No,East,9.23,9,0,17,21,95
-1537,27,4.5,23,19.7,2436,No,Large Cities,11.25,8,16.66,12,24,78
15,70,4.6,26.07,4,771,No,Large Cities,61.59,2,0,5,37,156
-420,136,4.6,27.2,7.6,1787,No,Large Cities,24.22,8,33.33,34,24,84
-3960,138,4.6,42.29,19.7,19116,Global,South East,24.5,17,26.31,17,38,136
-1022,147,4.7,27.99,4,427,No,Large Cities,47.04,1,0,8,37,156
704,152,4.7,24.01,19.7,6381,No,South East,9.97,11,0,37,21,113
595,95,4.7,44.36,19.7,1100,No,Large Cities,44.36,3,0,9,29,138
693,36,4.8,35.43,10.4,5225,Brand,East,5.52,9,6.25,28,37,124
2628,107,4.8,37.97,10.4,9956,Brand,East,22.61,13,5.88,18,37,124
705,13,4.8,31.65,19.7,2513,Brand,East,10.19,7,0,13,20,146
-2691,111,4.8,24.76,19.7,2999,No,East,12.69,8,16.66,15,32,115
1681,6,4.8,19.97,19.7,1514,No,South East,16.38,3,0,8,36,153
151,47,4.8,31.32,19.7,6360,No,South East,16.69,12,14.28,16,40,208
1093,124,4.8,36.75,19.7,13171,Brand,South East,26.91,16,11.11,21,36,153
286,80,4.8,39.57,19.7,1461,Global,South East,87.52,1,25,6,24,120
-1061,42,4.9,34.25,2.1,1576,No,North,73.31,5,0,14,,
84,31,4.9,32.95,3,5306,No,North,32.24,11,14.28,15,50,223
2279,161,4.9,23.87,4,2002,No,Large Cities,22.3,4,0,6,37,156
189,34,4.9,23.42,4.9,1121,No,North,14.2,4,20,11,50,135
628,138,4.9,30.68,4.9,5104,No,North,29.43,16,6.66,14,50,135
-665,86,4.9,47.86,4.9,1651,Global,North,100,1,0,9,50,135
2053,115,4.9,37.14,5.6,8939,No,East,22.07,15,13.33,15,30,138
-2882,144,4.9,50,5.7,362,No,South East,100,1,0,15,27,95
-1257,27,4.9,37.12,10.4,3752,Brand,East,20.66,9,0,21,37,124
-3840,86,4.9,33.09,10.5,3018,No,South West,44.63,7,0,12,20,94
-1318,131,4.9,24.12,10.7,500,No,Large Cities,16.66,4,0,13,21,86
-904,75,4.9,28.76,15.9,1974,No,East,35.26,7,0,14,34,115
1184,109,4.9,25.8,19.7,3208,No,South East,18.55,10,14.28,15,21,129
-15,78,4.9,33.33,19.7,808,No,South West,100,1,0,4,19,107
599,12,5,22.17,5.7,951,No,South East,18.16,5,0,16,27,95
562,71,5,22.49,5.7,1371,No,South East,22.76,6,0,15,27,95
-74,30,5,43.27,7.6,886,No,Large Cities,77.65,3,0,7,24,84
1189,47,5,32.35,19.7,14475,Brand,East,23.68,15,21.73,28,20,146
-251,56,5,25.13,19.7,5031,No,West,26.26,9,10,12,36,105
298,38,5.1,29.55,2,348,No,South East,54.14,2,0,3,,
1738,13,5.1,24.55,4.6,6022,No,West,18.99,11,0,15,0,44
-1311,116,5.1,26.41,7.6,716,No,Large Cities,41.17,6,0,17,24,84
1032,116,5.1,30.34,19.7,6169,No,South East,37.53,9,28.57,12,36,153
-868,147,5.1,32.88,19.7,802,No,West,68.31,4,0,8,29,86
181,133,5.2,50,2,190,No,South East,100,1,0,6,,
-1745,52,5.2,33.6,2.3,2400,No,West,67.75,5,0,10,14,19
-188,80,5.2,33,3,481,No,North,100,1,0,10,50,223
-262,62,5.2,25.71,3.5,956,No,South West,19.09,5,14.28,16,53,81
658,112,5.2,24.84,3.6,2296,No,Large Cities,37.63,11,16.66,17,61,178
-629,13,5.2,29.34,7.4,1134,No,Large Cities,32.21,4,25,20,32,144
196,161,5.2,29.95,10.4,283,Global,South East,100,1,0,10,30,158
2202,61,5.2,15.63,19.7,3249,No,East,9.36,9,0,7,32,115
-564,111,5.3,30.62,3,1067,No,North,32.21,5,0,9,46,207
-4500,61,5.3,32.51,4.6,7089,No,West,25.46,11,10,12,0,44
-1461,160,5.3,24.23,7.4,2067,No,Large Cities,10.5,8,0,14,32,144
118,23,5.4,45.17,2.3,534,No,West,27.31,3,50,11,14,19
-492,40,5.4,50,5.6,606,No,East,100,1,0,4,30,138
581,94,5.4,31.01,10.4,436,No,South East,55.45,2,0,10,30,158
267,46,5.4,50,10.4,303,No,South East,100,1,0,9,30,158
-673,40,5.4,30.86,19.7,2123,No,South East,1.9,8,11.11,16,36,153
84,90,5.4,22.13,19.7,2494,No,South East,12.14,8,0,18,36,153
-44,130,5.4,30.49,19.7,3905,Brand,East,27.35,15,8.33,14,20,146
622,162,5.4,25.58,19.7,480,No,South East,40.4,1,0,8,38,136
351,24,5.5,40.02,2.3,457,No,West,100,1,0,6,14,19
-1382,140,5.5,33.48,3,8302,Brand,North,16.34,14,29.41,26,46,207
-2062,143,5.5,40.54,4,2390,No,Large Cities,53.13,9,0,10,37,156
-2156,15,5.5,50,4.9,808,Global,North,100,1,0,3,50,135
-1152,5,5.5,25.76,19.7,3124,Brand,East,25.39,12,16.66,18,32,115
-70,46,5.6,22.69,3,1100,No,North,8.28,5,20,12,46,207
-56,87,5.6,28.32,19.5,6915,No,South West,23.49,12,9.09,11,31,101
1415,73,5.6,35.54,19.7,4067,No,East,21.6,6,0,19,32,115
407,118,5.6,23.91,19.7,528,No,South East,62.44,1,50,15,30,120
742,37,5.7,23.75,3.5,1422,No,North,15.27,6,0,14,55,99
-3517,51,5.7,33.29,6.7,3015,Global,West,23.24,7,0,12,22,48
85,97,5.7,27.74,10.4,6640,Brand,East,5.15,9,26.66,17,37,124
-2661,47,5.7,36.92,19.5,6909,No,South West,39.55,10,10,13,31,101
-401,156,5.7,28.61,19.7,2640,No,South East,5.54,10,20,7,40,208
678,49,5.7,26.78,19.7,4244,No,South East,13.58,10,11.76,22,21,113
12,124,5.8,38.24,2.7,1224,No,East,30.4,8,0,13,27,56
298,104,5.8,50,3.5,404,No,South West,100,1,0,6,34,117
219,85,5.8,27.29,7.6,3218,No,Large Cities,43.49,8,22.22,21,24,84
3031,77,5.8,23.78,10.4,6590,No,South East,11.46,10,22.22,14,30,158
-550,53,5.8,27.87,10.4,4135,No,South East,11.84,10,50,15,30,158
100,85,5.9,50,2.7,606,No,East,100,1,0,7,27,56
555,69,5.9,27.42,4.7,5640,No,Large Cities,24.11,10,10,29,42,124
-904,120,5.9,25.77,19.5,3110,No,South West,17.47,12,20,9,31,101
1135,141,6,38.38,5.7,25201,Brand,South East,25.28,11,6,63,27,95
-763,130,6,32.33,19.7,2189,No,South East,5.95,9,0,11,40,208
1139,135,6,7.73,19.7,1074,No,East,8.35,6,0,12,21,95
-2943,155,6,24.56,19.7,3279,No,South East,10.05,12,0,13,21,129
103,29,6,28.34,19.7,6466,No,South West,11.02,13,0,15,19,107
247,26,6,60.89,19.7,888,No,South East,40.77,3,16.66,13,21,113
55,62,6.1,28.65,4.7,1778,No,Large Cities,29.76,9,0,23,42,124
504,37,6.1,21.69,19.7,2064,No,West,13.08,3,25,8,36,105
-4500,26,6.1,44.94,19.7,763,Brand,West,47.58,6,0,10,29,86
-1025,19,6.2,29.08,3.4,5555,No,West,19.22,13,5.26,24,50,95
424,146,6.2,39.86,7.4,368,No,Large Cities,100,3,0,11,32,144
1385,59,6.2,22.97,10.4,5033,No,South East,2.12,7,0,10,30,158
-408,127,6.2,32.31,19.7,3789,No,South East,31.38,8,6.66,19,36,153
-4500,52,6.3,22.64,2,1643,No,North,27.97,9,0,11,,67
-4500,63,6.3,33.12,2.3,5852,No,West,42.22,14,0,29,14,19
-9,107,6.3,35.19,19.7,5584,No,South West,1.4,7,11.11,0,51,111
-885,93,6.3,32.57,19.7,6914,No,West,32.26,14,25,16,36,105
171,108,6.3,30.13,19.7,8857,No,East,37.04,14,0,18,32,115
406,150,6.3,50,19.7,139,No,North,100,1,0,7,30,102
-4500,70,6.4,48.01,19.7,3481,Brand,West,45.8,11,0,15,29,86
188,150,6.4,40.56,19.7,564,No,South East,59.68,3,50,3,38,136
-249,35,6.5,32.06,3.4,10243,No,West,17.19,12,6.66,18,50,95
594,57,6.5,21.71,10.4,620,No,East,70.45,3,0,6,37,124
-311,163,6.5,26.82,19.3,3367,No,West,32.8,6,0,9,30,93
133,118,6.5,21.69,19.7,2645,No,Large Cities,32.77,10,0,11,24,108
227,117,6.5,50,19.7,353,Global,South East,100,2,0,7,40,208
-4500,134,6.6,46.62,2,18314,Global,South East,49.92,15,0,6,24,120
153,127,6.6,22.53,15,3094,No,Large Cities,18.8,6,33.33,18,23,135
-4500,42,6.6,36.52,15,7114,No,Large Cities,52.06,8,11.11,21,23,135
377,100,6.6,34.94,15,229,No,Large Cities,100,1,0,4,23,135
1047,26,6.6,25.2,19.7,7027,No,South West,12.48,14,7.14,16,19,107
-2793,96,6.7,38.77,5.6,20234,No,East,44.8,14,8.33,26,30,138
-714,79,6.7,50.15,6.8,1280,No,South West,96.02,6,0,13,39,86
224,118,6.7,26.11,7.7,1293,No,East,21.37,9,0,12,37,134
346,133,6.7,22.64,19.7,4631,No,South East,4.74,8,0,11,21,129
-3811,105,6.7,25.46,19.7,1528,No,South East,12.19,9,0,18,36,153
298,109,6.7,18.55,19.7,720,No,Large Cities,27.14,7,0,7,29,138
807,96,6.8,15.56,10.7,738,No,Large Cities,40.5,2,0,11,21,86
290,57,6.8,33,15,406,Global,Large Cities,100,1,0,2,23,135
823,28,6.8,21.31,19.7,1237,No,East,9.09,7,40,12,20,146
379,163,6.9,24.16,5.7,477,No,South East,16.91,5,33.33,15,27,95
1081,124,6.9,47.82,10.5,12051,Global,South West,30.87,12,20,30,20,94
484,148,6.9,29.63,19.7,1403,No,South East,27.61,9,0,6,24,120
-4500,7,6.9,40.58,19.7,4110,No,West,34.54,11,0,10,29,86
-4500,94,7,26.45,2,3477,No,West,14.31,9,0,11,,27
-165,5,7,30.97,2,9692,No,South East,24.36,12,5.26,20,,
469,46,7,29.59,2.3,2764,No,West,19.73,4,33.33,14,14,19
-106,47,7,32.52,3,695,No,North,65.04,1,0,7,46,207
1512,98,7,18.2,8.3,5037,No,North,5.1,15,0,18,,
-1854,1,7,40.26,8.3,2802,No,North,59.52,8,0,13,,
353,44,7,28.79,15,1872,Brand,Large Cities,28.25,2,40,12,23,135
1150,122,7,24.37,19.7,4009,No,South East,7.8,11,0,10,40,208
-186,41,7,47.15,19.7,1169,No,South East,71.88,4,0,9,40,208
266,89,7,50,19.7,213,No,North,96,4,0,13,30,102
322,59,7.1,33.28,7.7,6235,No,South West,18.21,13,9.09,14,34,105
282,103,7.1,36.77,19.7,5782,Global,South East,4.18,13,9.09,12,40,208
-1656,12,7.1,24.39,19.7,3809,No,South East,9.92,8,0,16,21,129
372,82,7.2,25.28,6.7,5827,No,West,21.35,13,18.18,18,22,48
310,161,7.2,30.67,8.3,4984,No,North,23.16,12,20,20,,
-1156,154,7.2,25.69,19.3,1544,No,West,18.12,7,0,14,30,93
-1941,2,7.3,35.2,3.4,403,No,West,61.89,3,0,12,50,95
-186,80,7.3,31.13,10.4,2773,Brand,East,42.11,4,0,10,37,124
-416,28,7.4,25.07,2.1,3304,No,North,21.21,10,20,21,,
-1780,66,7.4,34.85,19.7,7932,Global,Large Cities,53.7,10,0,14,29,138
668,87,7.5,26.11,3,2230,No,North,40.03,12,0,11,50,223
-917,52,7.5,28.3,19.7,4770,No,South East,26.28,6,10,20,21,113
383,68,7.5,40.37,19.7,319,No,West,100,2,0,10,29,86
324,153,7.6,12.08,2,393,No,North,40.26,3,0,4,,67
-4500,77,7.6,36.28,2.1,5248,No,North,42.44,10,0,17,,
806,96,7.6,21.36,19.7,1126,No,West,20.53,4,0,8,29,86
-804,95,7.6,24.43,19.7,1998,No,South East,25.75,10,14.28,8,40,208
-748,37,7.7,31.44,2.7,5717,No,East,19.45,8,0,23,27,56
-463,84,7.7,37.93,3,1548,Brand,North,49.05,9,0,13,50,223
38,73,7.7,31.05,19.3,10573,No,West,25.53,14,6.66,19,30,93
814,70,7.8,26.55,3,4057,No,North,6.68,11,8.33,15,46,207
-4500,32,7.8,50,10.5,152,No,South West,100,1,0,13,20,94
-2535,70,7.8,31.74,19.5,7143,No,South West,34.68,14,20,18,31,101
-1140,102,7.8,30.4,19.7,11789,No,South East,26.94,12,23.07,25,21,113
-659,142,7.8,38.65,19.7,6061,Global,South East,32.25,13,0,10,40,208
-256,78,7.9,45.64,3.3,842,Global,North,100,1,0,7,61,98
368,94,7.9,18.64,4.9,336,No,North,43.47,2,0,7,50,135
2640,141,7.9,32.8,7.6,14907,No,Large Cities,22.04,17,26.92,65,24,84
522,100,7.9,46.32,7.7,1811,Global,South West,38.2,6,0,13,34,105
-62,128,7.9,29.85,10.7,188,Global,Large Cities,100,1,100,10,21,86
-716,145,8,26.73,4.6,1948,No,West,19.13,9,0,4,0,44
-97,120,8,50,5.7,1011,Global,South East,100,1,0,6,27,95
-120,19,8,36.01,19.7,1693,No,South East,24.74,13,0,8,40,208
-2337,21,8,46.41,19.7,5535,Brand,South East,71.93,3,12.5,35,21,113
404,130,8.2,30.22,3.5,5156,No,South West,19.31,13,6.66,26,53,81
-1006,148,8.3,50,4.7,1011,No,Large Cities,100,1,0,8,42,124
-3281,11,8.3,30.99,7.4,5554,No,Large Cities,24.19,11,4.54,24,32,144
-1160,75,8.3,27.41,19.5,2534,No,South West,22.16,9,16.66,11,31,101
-575,163,8.3,24.16,19.7,1456,No,Large Cities,15.26,12,0,12,24,108
93,54,8.4,21.12,7.4,1632,No,Large Cities,9.6,9,0,11,32,144
115,120,8.4,16.13,19.7,707,No,South East,24.17,6,25,8,40,208
42,7,8.4,46.96,19.7,402,No,South East,33.64,2,0,24,21,113
-1756,123,8.5,30.45,3.6,5382,No,Large Cities,45.53,13,0,14,61,178
-1952,24,8.5,41.98,19.7,1785,Global,South East,14.57,11,0,10,40,208
-1536,21,8.6,27.61,2.3,5701,No,West,21.64,12,27.27,12,14,19
885,16,8.6,24.93,3.4,1099,No,West,12.34,5,0,12,50,95
153,134,8.7,24.01,5.6,6454,No,East,8.84,11,0,11,30,138
1110,142,8.7,27.7,19.7,5146,No,West,12.41,9,18.18,21,36,105
1861,124,8.7,22.93,19.7,6478,No,South East,15.35,10,9.09,12,40,208
-756,108,8.7,26.34,19.7,836,No,South East,21.49,6,0,8,36,153
-183,137,8.8,28.82,3.5,3005,No,South West,28.66,6,14.28,12,53,81
212,97,8.8,35.24,3.5,226,No,South West,91.4,4,0,12,34,117
29,16,8.8,33,5.6,406,No,East,100,1,0,4,30,138
1085,87,8.8,23.55,10.4,4336,No,South East,2.44,12,16.66,15,30,158
-1666,105,8.8,65.88,10.5,292,Global,South West,33.4,1,0,9,20,94
-2710,150,8.8,36.42,19.7,4011,No,South East,23.25,10,25,10,36,153
-4500,149,8.8,46.55,19.7,4023,Brand,West,28.03,15,0,14,29,86
92,138,8.9,49.04,7.4,240,No,Large Cities,100,1,100,9,32,144
144,56,8.9,25.98,7.6,2449,No,Large Cities,16.23,9,0,9,24,84
1257,4,8.9,44.5,16.5,1986,Brand,East,32.96,6,0,16,40,129
-2278,159,8.9,29.1,19.7,229,No,West,65.43,2,0,2,43,133
492,129,9,24.39,19.7,1342,No,South East,7.85,9,33.33,13,38,136
-50,67,9,26.42,19.7,1345,No,South East,13.78,6,0,11,38,136
741,11,9.1,23.47,5.7,939,No,South East,31.54,6,25,13,27,95
-4500,31,9.2,27.31,19.3,6111,No,West,14.26,12,0,20,30,93
-856,135,9.2,26.57,19.7,2558,No,South East,7.77,8,0,21,36,153
785,30,9.2,25.94,19.7,4291,No,West,20.35,11,20,13,29,86
132,9,9.2,27.18,19.7,2545,No,South East,23.41,8,12.5,14,38,136
1523,154,9.2,26.15,19.7,7402,No,Large Cities,25.21,13,8.33,16,24,108
-4500,122,9.2,31.21,19.7,22208,Brand,East,25.86,13,3.57,36,21,95
-1707,87,9.2,30.9,19.7,854,No,Large Cities,32.18,4,0,13,29,138
135,29,9.3,22.16,2.1,330,No,North,89.15,3,0,12,,
125,17,9.3,23.99,19.7,1850,No,South East,6.18,10,0,14,21,129
543,51,9.4,36.17,3.6,1242,Brand,Large Cities,95.07,3,0,8,61,178
205,90,9.4,36.64,4,2351,No,Large Cities,7.33,6,0,12,37,156
382,68,9.4,23.94,6.8,2077,No,South West,9.38,5,14.28,25,39,86
-1313,59,9.4,27.77,7.4,4140,No,Large Cities,26.07,8,0,17,32,144
72,4,9.5,47.9,2.3,397,No,West,34.9,3,0,4,14,19
646,92,9.5,33.24,7.4,721,No,Large Cities,35.27,5,0,14,32,144
-4412,159,9.5,32.6,7.4,5752,No,Large Cities,56.18,6,9.09,19,32,144
-405,103,9.5,24.93,10.7,575,No,Large Cities,38.85,2,25,26,21,86
304,46,9.5,43.96,19.7,116,No,South West,100,1,0,7,51,111
203,163,9.6,25,2.1,267,No,North,100,2,0,12,,
-146,50,9.6,21.76,3,762,No,North,15.07,2,0,11,50,223
-501,72,9.6,27.31,4,1131,No,Large Cities,59.33,7,0,4,37,156
587,142,9.6,18.75,8.3,377,No,North,56.55,3,0,4,,
-1145,79,9.6,32.73,19.7,793,Brand,South East,59.59,4,0,11,36,153
252,74,9.7,50,2.3,255,No,West,49.9,1,0,7,14,19
-32,137,9.7,36.8,3,2577,Brand,North,17.41,7,11.11,19,50,223
1339,7,9.7,27.11,4.9,4118,No,North,25.11,12,0,9,50,135
126,123,9.7,50,10.5,511,No,South West,100,3,0,14,20,94
-130,49,9.7,28.88,15.9,800,No,East,52.84,2,25,16,34,115
-3624,78,9.7,29.39,19.7,2203,No,Large Cities,39.79,8,0,11,29,138
3029,55,9.8,30.61,10.4,17078,No,South East,1.25,12,7.14,20,30,158
1197,92,9.9,23.95,3.3,4165,No,North,22.1,13,0,16,61,98
-2324,137,9.9,50,4.7,193,No,Large Cities,100,2,0,9,42,124
-2342,67,9.9,34.29,4.9,1094,No,North,55.1,5,0,7,50,135
11,26,9.9,30.1,15.9,137,No,East,100,1,0,7,34,115
-958,33,9.9,26.65,19.5,4411,No,South West,5.88,8,0,21,31,101
1575,157,9.9,21.84,19.7,3234,No,South East,3.51,4,30,11,30,120
33,160,9.9,47.16,19.7,410,No,South East,68.36,7,0,12,38,136
-536,56,10,26.42,4.9,2548,No,North,44.87,8,11.11,11,50,135
197,55,10,24.54,19.7,5660,No,West,26.05,11,22.22,10,36,105
508,74,10,29.87,19.7,1075,No,Large Cities,27.24,3,0,8,24,78
-643,45,10,35.88,19.7,881,No,North,82.67,5,0,17,30,102
-2073,112,10.1,31.25,19.7,3844,No,South East,35.61,13,0,13,21,129
805,31,10.1,18.04,19.7,318,No,East,100,1,0,7,32,115
-1370,91,10.2,32.68,3.5,2719,No,South West,35.56,5,0,14,53,81
245,126,10.2,41.4,10.7,532,No,Large Cities,85.8,2,0,17,21,86
1766,116,10.2,26.77,15.9,3370,No,East,17.31,9,0,16,34,115
419,125,10.3,50,2.2,303,No,South West,100,1,0,8,0,
-401,139,10.3,22.45,19.7,625,No,South East,24.93,1,0,7,40,208
-259,6,10.4,40,2.3,1455,No,West,100,1,50,3,14,19
358,108,10.4,21.91,3.5,2890,No,South West,16.15,12,0,11,34,117
-1760,97,10.5,31.86,2.1,1638,No,North,35.28,5,50,9,,
-283,6,10.5,50,10.4,791,Global,East,100,1,0,1,37,124
-2661,44,10.5,24.92,15.9,1274,No,East,31.5,4,12.5,17,34,115
-2772,7,10.5,26.94,19.7,3682,No,South East,9.87,8,0,13,21,129
153,37,10.5,33.61,19.7,1272,No,South East,52.89,4,0,12,21,129
-1,40,10.6,23.93,2.1,3207,No,North,19.56,12,11.11,16,,
-143,19,10.6,41.45,10.4,565,No,East,46.58,2,0,12,37,124
-1064,153,10.6,26.5,10.7,2335,No,Large Cities,29.54,6,12.5,15,21,86
359,89,10.6,34.78,19.7,2282,No,South East,4.93,10,0,16,36,153
-621,129,10.6,29.53,19.7,12931,No,South East,6.16,12,0,15,21,129
-1334,60,10.6,27.45,19.7,3342,No,Large Cities,35.36,13,28.57,26,24,78
-538,24,10.7,45.4,3,1986,No,North,78.53,5,0,12,46,207
-164,71,10.7,23.29,19.7,3016,No,South West,10.34,9,0,11,19,107
151,151,10.8,42.5,3.4,7963,No,West,38.42,13,7.69,22,50,95
14,36,10.8,34.97,19.7,8443,Brand,South East,26.6,13,12.5,16,21,129
643,8,10.8,28.35,19.7,1834,No,South East,41.41,7,40,9,40,208
-1,66,10.8,35.54,19.7,1155,No,North,48.76,4,0,18,30,102
-240,48,10.9,23.05,4.7,277,No,Large Cities,0.23,6,50,21,42,124
-522,143,10.9,29.79,19.3,436,Global,West,30.67,2,0,7,30,93
81,95,10.9,22.37,19.5,576,No,South West,2.02,2,0,6,31,101
-2450,66,10.9,28.38,19.7,1239,No,South East,11.12,6,0,11,36,153
-63,135,10.9,22.11,19.7,2744,No,South East,15.54,10,0,6,21,113
748,32,10.9,24.48,19.7,2177,No,South East,33.32,7,0,16,30,120
173,101,10.9,29.91,19.7,1307,No,South East,52.81,5,0,11,30,120
343,41,11,38.87,2.2,2289,No,South West,32.15,6,20,19,0,
266,125,11,42.48,4,823,No,Large Cities,34.8,4,0,10,37,156
-1341,5,11,22.93,6.7,3794,No,West,39.93,9,0,11,22,48
1236,25,11,30.38,19.7,16340,No,South East,10.85,16,5.55,15,21,129
-2464,64,11,31.46,19.7,12941,No,East,18.2,14,5,29,21,95
275,162,11,40,19.7,243,No,West,100,1,0,6,43,133
-65,134,11.2,26.93,2.2,1842,No,South West,42.42,8,0,10,0,
151,20,11.3,27.82,2.1,1891,No,North,34.15,6,0,17,,
-4500,126,11.3,32.38,3.5,645,No,South West,53.24,6,0,10,34,117
-2722,156,11.3,29.58,8.3,3058,No,North,13.26,9,22.22,11,,
619,100,11.3,30.36,19.7,344,No,North,45.74,3,0,11,30,102
1177,92,11.4,38.43,2.7,16048,No,East,23.84,14,13.33,22,27,56
-332,22,11.4,50,4.7,1213,Global,Large Cities,100,1,0,7,42,124
587,105,11.4,23.05,10.7,644,No,Large Cities,49.32,3,0,15,21,86
626,28,11.4,19.85,15,646,Brand,Large Cities,12.51,3,0,7,23,135
-1743,68,11.4,40.78,19.7,10187,Global,South East,18.01,16,33.33,13,38,136
655,67,11.4,12.88,19.7,534,No,Large Cities,29.36,3,0,7,24,108
836,154,11.4,30.61,19.7,1269,No,South East,49.15,6,0,9,40,208
-173,1,11.4,48.17,19.7,652,No,West,96.34,2,0,3,43,133
423,153,11.4,40,19.7,234,No,South East,100,2,0,1,40,208
498,49,11.5,27.8,4.7,322,No,Large Cities,22.59,2,0,9,42,124
-4500,2,11.5,30.52,19.7,8036,No,Large Cities,41.29,14,0,14,29,138
1936,131,11.6,28.75,5.7,17407,No,South East,20.98,14,0,34,27,95
-1001,35,11.6,25.97,7.6,4144,Global,Large Cities,12.32,8,0,16,24,84
-1805,10,11.6,33.68,8.3,2372,Brand,North,23.32,10,0,9,,
356,112,11.6,16.16,19.7,1219,No,East,9.96,9,0,11,20,146
270,17,11.6,28.35,19.7,1261,No,North,20.76,7,20,20,30,102
162,13,11.6,29.4,19.7,718,No,South East,58.93,2,0,12,21,129
-2786,151,11.8,32.71,3,985,Brand,North,13.59,6,0,10,46,207
-142,29,11.8,24.54,19.7,1156,No,South East,20.2,9,0,7,40,208
712,55,11.9,27.08,3.5,8524,No,South West,36.31,14,26.08,20,34,117
-100,141,11.9,50,5.7,606,No,South East,100,1,0,9,27,95
638,86,11.9,28.56,19.7,10499,No,East,16.54,14,0,25,21,95
1814,76,12,24.98,19.7,3299,No,West,15.46,8,12.5,14,43,133
-1123,79,12,25.64,19.7,1499,No,East,73.95,3,0,7,32,115
906,70,12.1,31.35,5.6,12621,No,East,22,12,9.09,15,30,138
261,81,12.2,24.32,2,1776,No,North,30.89,9,0,14,,67
-454,130,12.2,45.6,19.7,229,No,Large Cities,91.21,2,0,9,24,108
826,9,12.3,30.73,4.9,1154,REGIONALE,North,15.05,7,0,10,50,135
-31,140,12.3,33,15,406,No,Large Cities,100,1,0,6,23,135
-4500,19,12.4,54.27,3,936,No,North,10.06,9,0,7,50,223
120,43,12.4,29.33,19.7,6652,No,South East,21.26,13,18.18,17,38,136
230,160,12.4,24.97,19.7,1514,No,South East,28.46,4,0,14,40,208
114,37,12.5,27.14,19.7,475,No,South West,61.71,1,0,11,19,107
305,122,12.6,50,4.7,404,Global,Large Cities,100,1,0,6,42,124
-230,76,12.6,36.03,5.6,1573,No,East,36.66,6,0,11,30,138
635,82,12.6,16.97,19.7,1477,No,East,13.71,8,0,11,20,146
-1035,127,12.6,41.2,19.7,2647,No,South East,46.75,9,9.09,15,36,153
-374,138,12.7,31.48,3.5,2483,No,South West,56.24,11,16.66,22,34,117
260,39,12.7,38.69,19.7,1963,No,Large Cities,29.99,10,16.66,13,29,138
2168,34,12.8,21.44,7.6,4891,No,Large Cities,15.59,12,0,15,24,84
437,77,12.8,33.3,19.7,2291,No,Large Cities,26.41,12,0,12,29,138
-456,131,12.9,50,3.5,808,Global,South West,100,1,0,13,53,81
2898,113,12.9,28.81,5.7,10779,Global,South East,22.84,14,7.69,26,27,95
850,133,12.9,31.77,15,891,No,Large Cities,16.6,4,0,10,23,135
-1458,80,12.9,30.47,19.5,7117,Brand,South West,27.45,11,9.09,15,31,101
771,110,12.9,29.27,19.7,913,No,East,8.43,5,0,8,20,146
-492,88,12.9,50,19.7,606,No,Large Cities,100,1,0,6,29,138
277,43,12.9,50,19.7,152,No,North,100,1,0,8,30,102
-860,52,13,30.22,7.7,734,No,East,51.33,3,0,18,37,134
296,50,13,19.14,19.7,722,No,West,11.31,6,0,3,36,105
653,85,13,24.07,19.7,1473,No,West,11.38,5,20,11,29,86
194,114,13,29.55,19.7,932,No,South East,53.47,6,0,13,36,153
1655,40,13.1,21.33,19.7,4336,No,South West,15.15,8,0,9,51,111
-620,11,13.2,49,10.4,1385,No,South East,93.44,9,0,11,30,158
2621,115,13.3,33.76,2,18259,Global,Large Cities,10.42,11,11.76,21,23,135
107,48,13.3,50,5.7,606,Global,South East,100,1,0,11,27,95
-776,74,13.4,22.62,4.9,1642,No,North,5.64,5,40,13,50,135
199,27,13.4,50,6.8,37,Global,South West,100,1,0,10,39,86
452,53,13.4,50,6.8,67,Global,South West,100,1,0,1,39,86
500,31,13.4,29.91,10.4,424,Global,South East,100,1,0,6,30,158
202,56,13.4,41.38,15.9,313,No,East,71.4,2,0,9,34,115
253,86,13.5,35.1,2.3,682,No,West,64.54,3,0,5,14,19
-1270,5,13.6,29.98,15,2123,Global,Large Cities,100,1,0,17,23,135
41,67,13.6,50,15.9,190,No,East,100,1,100,9,34,115
311,58,13.6,23.34,19.7,4069,No,South East,5.22,13,23.07,17,21,113
601,76,13.6,46.55,19.7,403,No,South East,50.53,4,0,13,36,153
-1132,63,13.6,50,19.7,842,Global,South East,100,1,0,8,36,153
-4500,146,13.7,32.55,2.1,2818,No,North,18.59,11,0,17,,
-97,31,13.7,50,3.5,606,Global,South West,100,1,0,4,34,117
-514,91,13.7,29.95,5.6,849,Global,East,100,1,0,2,30,138
163,142,13.7,30.01,10.7,471,Global,Large Cities,100,1,0,6,21,86
-4500,8,13.7,30.6,15,9398,Global,Large Cities,69.07,3,0,21,23,135
-1807,78,13.7,21.09,19.7,1317,No,South East,10.78,6,0,13,24,120
-46,20,13.7,22.11,19.7,1342,No,Large Cities,15.14,6,0,12,24,78
170,121,13.8,40.89,2.7,876,No,East,81.84,1,0,9,27,56
-769,54,13.8,44.58,3.5,973,No,South West,96.42,2,20,16,34,117
-4338,90,13.8,39.06,4.6,12181,Brand,West,38.6,11,0,13,0,44
100,44,13.8,29.91,10.4,424,Global,South East,100,1,0,9,30,158
-300,55,13.8,50,10.7,808,Global,Large Cities,100,1,0,7,21,86
-2513,65,13.8,39.97,19.7,2739,No,West,9.66,10,0,13,29,86
-250,45,13.8,30.73,19.7,1181,No,South East,14.48,7,0,15,36,153
190,32,13.8,27.7,19.7,535,No,West,100,1,0,8,36,105
384,154,13.9,17.64,3.3,1008,Global,North,35.29,1,33.33,9,61,98
-511,98,13.9,50,3.5,808,Global,South West,100,1,0,7,34,117
-59,93,13.9,34.78,3.6,1472,Global,Large Cities,49.26,1,0,6,61,178
-4500,58,13.9,53.5,6.8,4476,Global,South West,100,3,0,14,39,86
-1335,3,13.9,27.53,10.4,12271,No,East,13.96,12,21.42,23,37,124
867,110,13.9,27.67,19.7,1377,No,Large Cities,44.98,7,0,13,29,138
-265,156,13.9,50,19.7,876,Global,South East,100,1,0,9,36,153
-4500,32,14,32.12,2,6295,No,North,17.81,11,20,12,,67
-2085,79,14,27.74,2.1,1479,No,North,45.09,7,33.33,16,,
-264,139,14,26.34,4.9,5098,No,North,14.04,9,0,13,50,135
-1322,149,14.1,27.76,2,4704,No,North,40.23,12,15.38,13,,67
-1634,105,14.1,30.02,15.9,4475,No,East,31.96,8,7.14,22,34,115
1001,101,14.3,27.15,4.7,1057,No,Large Cities,22.79,5,0,11,42,124
204,73,14.3,26.57,7.7,2194,No,South West,31.76,4,0,10,34,105
642,88,14.3,33.65,10.4,1703,Brand,East,21.26,9,0,6,37,124
-77,25,14.3,71.5,15.9,5348,No,East,13.24,10,0,16,34,115
1695,119,14.3,22.08,19.5,4177,Global,South West,5.45,11,0,11,31,101
-1386,23,14.3,26.71,19.7,8071,No,South East,7.43,14,14.28,7,38,136
160,20,14.4,20.84,19.7,1656,No,East,7.02,9,16.66,12,21,95
612,48,14.4,23.24,19.7,502,No,West,46.48,1,0,4,36,105
41,157,14.5,40.2,3,23799,Brand,North,26.41,7,8.33,20,50,223
566,74,14.5,0,6.8,307,No,South West,100,5,0,3,39,86
-269,85,14.5,50,6.8,486,Global,South West,100,1,0,4,39,86
963,2,14.5,23.16,8.3,1330,No,North,17.46,3,0,9,,
-1107,66,14.5,20.76,10.4,1774,No,East,5.26,6,0,9,37,124
812,104,14.5,28.55,19.7,7668,No,East,17.68,12,7.69,20,21,95
764,89,14.6,35.47,19.7,3652,Global,South West,4.46,5,0,16,19,107
1841,66,14.6,27.04,19.7,7058,No,South West,26.4,13,20,15,51,111
45,56,14.7,25.61,19.7,3189,No,South East,10.97,14,10,15,40,208
-3805,156,14.8,48.8,2.3,448,No,West,42.62,5,0,10,14,19
512,88,14.8,41.99,7.7,1931,No,South West,52.99,10,0,14,34,105
248,81,14.8,31.5,19.5,1261,No,South West,13.85,6,0,8,31,101
-1033,56,14.8,30.04,19.5,2047,No,South West,49.71,4,0,14,31,101
259,34,14.9,23.93,5.6,1843,No,East,11.22,9,0,10,30,138
-628,121,15,26.08,4,2681,No,Large Cities,31.41,10,0,9,37,156
253,153,15,22.21,4.6,3179,No,West,18.02,10,11.11,11,0,44
1219,163,15.1,35.03,19.7,2652,No,South East,17.56,7,0,23,21,113
-1744,10,15.2,24.94,4,1826,No,Large Cities,34.14,8,0,8,37,156
-4500,155,15.2,38.19,8.3,4496,Brand,North,10.81,16,0,23,,
-850,69,15.2,31.45,19.3,8324,Global,West,35.47,12,0,11,30,93
-30,111,15.2,26.75,19.5,3003,No,South West,48.59,9,25,12,31,101
-488,81,15.2,24.53,19.7,2581,No,West,15.28,11,12.5,11,36,105
858,80,15.3,27.71,3.4,4448,No,West,3.81,12,8.33,19,50,95
-82,61,15.3,9.53,19.7,655,No,Large Cities,26.53,4,0,12,24,108
-2466,135,15.5,28.24,15,4052,No,Large Cities,16.27,12,11.11,22,23,135
152,29,15.5,34.84,15.9,675,Global,East,24.9,4,50,13,34,115
-58,146,15.5,27.82,19.7,900,No,South East,27.45,2,0,10,24,120
61,61,15.6,22.76,2,2805,No,South East,0.23,9,0,12,,
186,58,15.6,30,4.9,126,No,North,100,1,0,8,50,135
-25,118,15.7,41.91,19.7,1494,No,South East,49.22,8,0,9,40,208
824,158,15.8,18.83,4,629,No,Large Cities,26.83,3,0,7,37,156
-4500,54,15.8,40.22,19.7,24646,Brand,East,48.51,15,14.81,40,20,146
-540,157,15.9,28.96,19.7,1847,No,South East,36.52,10,0,7,40,208
-2354,26,16,12.69,3.6,963,No,Large Cities,23.75,3,0,4,61,178
-4166,137,16,43.87,19.7,16090,No,South East,30.38,20,46.66,13,38,136
-608,71,16.1,34.53,2,4088,No,West,45.39,8,0,4,,27
-121,134,16.2,25.49,4,4605,No,Large Cities,13.78,9,11.11,14,37,156
-2544,7,16.2,32.48,4.7,2666,No,Large Cities,37.31,8,0,25,42,124
-122,69,16.4,22.61,19.7,5639,No,South East,19.15,11,7.14,13,30,120
902,13,16.5,20.98,2,2158,No,North,6.58,3,16.66,10,,67
-786,84,16.5,23.28,15.9,2352,No,East,28.22,8,0,17,34,115
-1712,8,16.5,42.26,19.7,10040,REGIONALE,South East,35.16,12,0,31,36,153
-340,110,16.6,26.55,5.7,4120,No,South East,31.81,11,12.5,26,27,95
852,135,16.6,28.85,19.5,1985,No,South West,23.5,3,0,12,31,101
244,1,16.6,28.19,19.7,433,No,South East,40.39,4,0,7,40,208
414,30,16.7,34.69,5.6,9100,Global,East,20.03,16,15.38,15,30,138
287,8,16.7,33.83,6.7,10132,Global,West,25.27,11,0,17,22,48
-1150,102,16.7,34.22,14.6,3497,Global,South West,37.23,7,0,9,27,74
187,28,16.7,50,19.5,299,No,South West,100,1,0,4,31,101
348,113,16.9,21.65,2,2333,No,South East,17.03,12,0,8,,
-813,35,16.9,26.53,15.9,2605,No,East,50.46,9,0,17,34,115
-861,30,17,26.07,2.1,567,No,North,33.5,5,0,10,,
-1099,88,17,35.32,3,2336,Brand,North,23.13,9,14.28,15,46,207
191,158,17,23.94,3.5,4708,No,North,23.74,7,11.11,20,55,99
-626,35,17,45.47,3.5,572,No,South West,95.04,5,0,13,34,117
-419,30,17,45.32,10.5,1239,Global,South West,87.6,7,0,10,20,94
836,126,17,26.18,19.7,4721,No,South East,27.25,13,18.18,13,40,208
-821,78,17.1,23.5,5.6,4553,No,East,30.63,15,28.57,13,30,138
-251,24,17.2,50,19.5,325,No,South West,100,2,0,11,31,101
395,119,17.3,23.8,19.7,1527,No,South East,7.42,10,0,7,40,208
329,28,17.3,24.46,19.7,281,No,South East,55.76,2,0,8,24,120
-175,45,17.5,2.59,19.7,825,No,Large Cities,17.35,5,0,17,24,78
430,96,17.5,23.33,19.7,2711,No,South East,18.17,10,0,12,40,208
1084,151,17.6,29.56,2,7072,No,South East,28.62,8,22.22,11,,
-1763,140,17.7,48.55,2.2,1919,No,South West,100,2,50,7,0,
113,92,17.8,24.8,2.3,567,No,West,78.65,3,50,4,14,19
-380,152,17.8,32.85,7.6,1353,No,Large Cities,82.13,3,0,10,24,84
4891,15,17.8,24.97,7.7,6905,No,East,24.62,10,0,26,37,134
1343,129,17.8,32.21,10.4,3143,Brand,East,7.87,11,8.33,17,37,124
-841,97,17.9,50,2.3,1044,Global,West,100,1,0,4,14,19
601,102,17.9,18.19,3.3,1825,No,North,0.23,7,33.33,8,61,98
-1573,158,17.9,30.66,19.7,2404,Brand,South East,28.58,7,0,14,40,208
-665,14,18,33.56,3.3,6677,No,North,35.51,11,0,20,61,98
-300,81,18,50,5.6,808,Global,East,100,1,0,3,30,138
730,83,18,24.89,6.7,3708,Global,West,6.67,10,16.66,16,22,48
213,47,18,31.97,19.3,9471,Global,West,25.71,12,0,15,30,93
825,99,18.2,28.18,3,3654,Brand,North,3.15,8,20,17,50,223
-1406,44,18.2,26.59,3.3,3616,No,North,15.76,8,10,19,61,98
-3065,3,18.2,36.02,8.3,3067,No,North,30.11,5,0,16,,
3853,10,18.2,30.72,19.7,7912,Brand,East,21.27,12,33.33,20,32,115
-8,40,18.3,23.15,19.7,6307,No,Large Cities,12.56,13,5,27,29,138
512,72,18.4,37.02,19.7,9316,Global,South West,12.52,13,7.14,21,19,107
401,148,18.5,33,5.7,406,No,South East,100,1,0,13,27,95
-69,15,18.5,28.58,19.7,1309,No,South East,31.26,7,0,11,21,129
-1776,75,18.6,22.64,4.6,526,No,West,54.41,4,0,3,0,44
-466,32,18.6,23.14,5.6,2049,Brand,East,19.65,9,14.28,13,30,138
733,43,18.6,15.34,12.4,535,No,South West,46.67,6,0,5,34,79
362,42,18.6,23.18,19.7,487,No,East,92.74,2,0,6,32,115
-4500,23,18.8,31.92,2,1565,No,North,49.35,9,0,11,,67
24,121,18.8,22.64,6.8,2879,No,South West,9.64,9,0,18,39,86
-333,132,18.8,22.59,19.7,1535,No,Large Cities,19.81,6,0,14,24,78
-361,138,18.8,24.95,19.7,4691,No,South East,24.32,8,18.18,17,21,129
-2218,89,18.9,31.36,4.6,4796,No,West,25.9,11,0,12,0,44
89,90,19,46.59,3.5,259,No,South West,95.26,1,50,10,34,117
319,17,19,3.63,3.5,53,Global,South West,100,1,0,11,34,117
-4500,133,19,39.7,16.5,10909,Brand,East,33.45,10,5.26,22,40,129
199,33,19.1,26.07,19.7,3436,No,East,11.84,6,0,21,21,95
1456,126,19.3,18.23,5.6,2422,No,East,44.17,8,0,13,30,138
-1282,16,19.6,26.74,4,630,No,Large Cities,29.33,6,0,6,37,156
-569,134,19.6,26.14,5.7,3898,No,South East,23.76,6,11.11,21,27,95
22,88,19.6,20.66,6.7,1674,No,West,5.11,8,16.66,11,22,48
581,29,19.6,24.08,19.7,854,No,Large Cities,31.28,7,0,10,29,138
2129,4,19.7,31.39,3.6,11956,Global,Large Cities,31.02,9,50,10,61,178
-4500,18,19.7,34.34,5.6,5460,No,East,22.51,12,0,18,30,138
-4500,67,19.7,40.44,6.7,11318,Brand,West,34.84,10,20,23,22,48
-882,81,19.7,29.03,19.7,7266,No,South East,22.96,13,0,13,21,129
-1367,14,19.8,23.46,19.7,3320,No,South East,18.3,12,0,18,21,129
-2139,12,19.8,33.84,19.7,7630,Brand,East,40.46,13,7.14,18,20,146
-2606,151,19.8,41.58,19.7,680,No,Large Cities,76.22,2,0,12,29,138
1980,15,19.9,21.84,12.4,1764,No,South West,14.3,6,0,15,34,79
811,18,19.9,27.11,19.7,7315,No,West,17.79,9,25,20,43,133
-872,9,19.9,38.89,19.7,7089,No,South East,17.81,13,5.88,22,36,153
1121,79,20,21.88,2.3,4091,No,West,10.38,11,11.11,10,14,19
345,14,20.4,16.69,15,853,No,Large Cities,36.75,5,33.33,11,23,135
526,123,20.6,30.35,2,888,No,South East,26.33,5,25,8,,
-232,39,20.6,21.98,7.7,3244,No,East,19.78,7,0,16,37,134
-3207,90,20.7,29.42,2.1,2713,No,North,31,5,0,20,,
-1042,122,20.7,50,19.7,808,Global,South West,100,1,0,5,51,111
125,116,20.8,57.07,2,261,No,South East,100,1,0,4,,
242,152,20.8,24.94,3,626,No,North,25.77,7,50,12,50,223
-4500,68,20.8,31.95,3,6034,No,North,30.19,13,14.28,15,50,223
-1102,147,20.8,35.28,3,807,No,North,54.23,3,0,15,46,207
963,75,20.8,24.94,3.3,2016,No,North,20.26,13,50,14,61,98
-434,162,20.8,50,3.3,674,Global,North,100,1,0,6,61,98
-791,91,20.8,30.36,3.6,1266,No,Large Cities,48.07,9,0,11,61,178
1352,32,20.8,25.49,3.6,2460,Global,Large Cities,51.02,1,0,7,61,178
-2155,84,20.8,47.42,3.6,4757,Global,Large Cities,90.98,2,0,10,61,178
-4500,60,20.8,37.79,4.6,36812,REGIONALE,West,23.64,17,18.18,9,0,44
285,109,20.8,54.17,5.6,291,Global,East,41.12,2,100,6,30,138
359,60,20.8,50,6.8,93,Global,South West,100,1,0,2,39,86
302,113,20.8,50,6.8,191,Global,South West,100,1,0,3,39,86
349,81,20.8,25.43,7.6,1932,No,Large Cities,50.16,4,0,15,24,84
-10,105,20.8,46,8.3,3275,Global,North,100,1,0,8,,
155,71,20.8,48.09,10.7,654,No,Large Cities,96.26,2,0,9,21,86
-283,57,20.8,44.77,12.4,2161,No,South West,62.5,1,0,23,34,79
-231,156,20.8,50,15,679,No,Large Cities,100,1,0,6,23,135
1380,150,20.8,23.12,19.7,1469,No,West,5.13,7,0,12,29,86
495,64,20.8,24.94,19.7,3710,No,South West,12.97,13,9.09,17,19,107
707,57,20.8,37.73,19.7,3581,Global,South East,20.22,14,10,10,40,208
-2,86,20.8,22.26,19.7,1236,No,Large Cities,39.37,4,0,12,29,138
163,117,20.8,30.04,19.7,510,No,East,91.08,2,0,14,21,95
-100,145,20.8,50,19.7,808,REGIONALE,South East,100,1,0,13,38,136
1367,12,20.9,24.75,3,2258,No,North,8.8,10,28.57,18,50,223
663,7,21.3,32.24,16.5,14798,No,East,27.66,14,25,23,40,129
-20,60,21.3,25.13,19.7,4966,No,East,9.27,9,0,18,21,95
557,108,21.4,26.41,3,1195,No,North,28.13,7,0,11,50,223
138,159,21.4,44.03,3,338,No,North,100,1,0,5,50,223
-262,107,21.6,23.61,7.4,2180,No,Large Cities,38.07,7,0,11,32,144
-10,5,21.7,45.75,10.4,460,No,South East,43.58,5,0,6,30,158
-100,10,21.8,50,3.4,101,No,West,100,1,0,3,50,95
-2807,9,21.8,29.57,19.7,3969,Brand,East,19.45,13,0,18,20,146
-406,23,21.9,28.62,19.5,9519,No,South West,19.04,14,0,14,31,101
-651,76,22.1,23.01,3,2623,No,North,20.36,9,14.28,11,50,223
-680,112,22.2,30.09,3.5,2532,No,North,43.87,7,0,11,55,99
1704,22,22.2,22.35,6.7,3804,No,West,13.13,13,12.5,15,22,48
-380,139,22.2,32.96,15,541,No,Large Cities,100,1,0,12,23,135
620,98,22.4,21.86,19.7,3326,No,East,20.24,9,0,15,21,95
289,83,22.5,26.98,4,230,No,Large Cities,81.26,1,0,3,37,156
-221,50,22.6,50,10.5,717,No,South West,100,7,0,13,20,94
276,42,22.7,22.33,2.2,2490,No,South West,11.69,7,0,11,0,
173,44,22.8,21.06,6.7,2140,Brand,West,8.85,9,0,11,22,48
-270,104,22.8,25.6,19.7,2644,No,South East,16.48,9,0,12,24,120
1452,41,22.8,29.13,19.7,9060,No,West,27.16,14,9.09,20,36,105
449,21,22.9,24.7,3.5,1576,Global,South West,40.95,3,0,13,34,117
132,65,22.9,23.23,10.4,3526,No,East,11.94,7,0,12,37,124
267,158,22.9,48.5,19.7,259,No,South East,51.49,2,0,11,21,113
-36,4,23,27.93,19.7,3775,No,South East,25.88,13,20,16,21,113
383,92,23.5,34.66,19.7,475,No,South East,33.56,3,33.33,10,30,120
138,106,23.6,12.63,2.1,408,No,North,85.25,3,0,12,,
214,36,23.6,32.09,14.6,292,No,South West,84.88,1,0,9,27,74
-602,136,23.7,28.12,19.7,1127,No,South East,33.82,4,33.33,9,24,120
719,82,23.8,25.48,5.7,2918,No,South East,30.56,5,0,9,27,95
513,142,23.8,20.39,19.7,3486,No,South East,4.52,11,30,13,21,113
-376,150,23.9,41.21,4,271,No,Large Cities,82.46,2,0,2,37,156
-2420,68,23.9,53.05,5.6,754,No,East,29.04,4,0,16,30,138
100,155,23.9,23.36,19.7,1056,No,South East,20.5,7,0,8,40,208
-1825,141,24,33.21,3,5287,REGIONALE,North,31.98,9,0,14,46,207
-103,25,24,23.88,6.7,1469,Global,West,19.43,7,0,14,22,48
-156,65,24,20.71,7.4,1803,No,Large Cities,6.46,9,0,10,32,144
-1158,51,24.2,47.85,10.4,816,No,South East,98.85,3,0,14,30,158
636,146,24.2,15.23,19.7,1363,No,South East,25.29,7,0,11,36,153
-2061,12,24.5,32.63,6.7,4320,No,West,25.52,11,0,13,22,48
315,160,24.8,23.63,6.7,1910,No,West,21.42,6,0,13,22,48
363,67,24.8,26.94,7.7,2174,No,South West,9.61,3,0,20,34,105
-2731,50,24.8,30.26,10.7,4376,No,Large Cities,16.3,9,0,19,21,86
425,16,24.8,36.38,19.7,23768,No,South East,23.61,16,4.65,44,38,136
302,23,24.9,21.41,10.4,2741,No,East,17.33,3,0,14,37,124
345,120,25,25.77,10.4,1685,No,East,19.51,6,0,12,37,124
224,83,25.1,22.45,3,1036,No,North,10.41,10,0,9,46,207
844,42,25.2,10.5,19.7,860,No,West,10.18,5,0,9,29,86
485,26,25.3,28.95,3.5,5170,No,North,19.29,6,0,13,55,99
821,119,25.4,23.22,10.4,1468,No,South East,15.01,6,0,10,30,158
-468,144,25.4,24.95,19.7,1937,No,Large Cities,24.51,5,0,16,24,108
-1506,45,25.5,27.65,19.3,4413,No,West,34.74,9,0,11,30,93
-478,59,25.6,24.87,3.4,1516,No,West,49.85,6,20,11,50,95
-430,22,25.6,6.9,19.7,904,No,East,27.7,6,0,10,21,95
-1693,83,25.8,22.35,5.6,1834,No,East,15.38,11,0,12,30,138
-1211,58,25.9,28.75,19.3,5633,No,West,27.85,10,23.07,17,30,93
-163,95,26,20.74,3,1822,No,North,5.13,7,0,13,46,207
-466,68,26,23.52,7.6,1947,No,Large Cities,23,7,16.66,19,24,84
672,103,26,35.24,7.7,30018,Brand,South West,20.33,14,0,24,34,105
-909,73,26.2,30.42,4.9,4271,No,North,15.1,6,0,12,50,135
3894,89,26.3,25.09,15.9,10903,No,East,16.24,11,8.69,32,34,115
161,38,26.4,33.81,3.5,319,No,South West,46.38,3,0,12,34,117
476,160,26.5,26.45,2.1,1329,No,North,21.69,6,0,16,,
959,127,26.5,22.53,3.5,3404,No,South West,7.26,11,10,23,53,81
183,126,26.6,21.21,10.4,3279,No,South East,4.94,7,12.5,13,30,158
-3702,53,26.8,32.32,2.3,18534,REGIONALE,West,22.88,12,7.14,30,14,19
-2207,117,26.8,33.82,4,21772,No,Large Cities,28,10,20,48,37,156
-701,121,27,26.98,19.7,4594,Global,South East,11.98,11,28.57,8,38,136
82,43,27.2,18.99,6.7,1633,No,West,18.1,5,25,13,22,48
-2597,33,27.2,50,19.7,3836,Global,South East,100,1,0,8,38,136
-2164,115,27.3,50,10.4,303,Global,South East,100,1,0,9,30,158
-1436,128,28.1,30.65,19.7,1199,No,South East,57.4,5,0,14,40,208
-1745,146,28.3,22.64,19.7,2525,No,West,17.8,9,0,8,43,133
266,96,28.4,50,19.5,190,No,South West,100,1,0,5,31,101
221,22,28.5,28.2,3.5,3680,No,South West,40.67,8,0,15,34,117
211,51,28.6,22.65,3,2776,No,North,5.79,12,0,16,50,223
-300,90,28.8,50,5.6,808,Global,East,100,1,0,2,30,138
-44,11,28.8,30,19.7,5531,Brand,East,21.99,13,0,17,20,146
-4114,103,29,26.44,2,2172,No,North,37.31,8,0,14,,67
449,54,29.3,25.03,6.7,4455,No,West,16.36,12,0,13,22,48
137,51,29.4,26.93,2.2,1451,No,South West,20.68,5,0,11,0,
330,82,29.5,21.01,3,1368,No,North,10.38,12,0,10,50,223
1012,151,29.9,26.19,19.7,2341,No,South East,20.04,10,25,13,21,129
-2371,14,30,39.96,4.6,1612,No,West,40.6,11,0,5,0,44
354,10,30.6,29.28,19.7,442,No,South East,15.65,3,33.33,9,40,208
133,103,30.8,21.54,5.6,1912,No,East,16.37,7,0,9,30,138
512,64,30.8,21.46,19.7,322,No,West,48.9,2,0,7,29,86
34,38,31,26.88,2.1,590,No,North,26.27,6,0,15,,
846,49,31.2,22.82,3,2401,No,North,21.36,6,0,14,50,223
-363,117,31.2,25.48,7.7,3894,No,South West,15.41,13,0,12,34,105
342,159,31.2,20.23,19.7,3229,No,South East,16.36,14,0,18,36,153
1260,114,31.3,24.14,2.2,3780,No,South West,12.79,9,0,15,0,
-69,71,31.3,28.35,3,1210,No,North,21.18,6,0,13,46,207
-321,50,31.3,23.47,5.7,1855,No,South East,10.16,7,0,22,27,95
-86,36,31.3,27.23,6.7,2968,No,West,24.36,7,12.5,15,22,48
681,59,31.3,23.63,8.3,2391,No,North,10.02,9,14.28,12,,
-485,75,31.3,23.47,19.7,3977,No,South East,13.86,11,0,12,21,129
1206,38,31.3,23.69,19.7,3585,No,East,22.83,12,20,8,32,115
-94,40,31.3,26.7,19.7,4090,No,West,26.96,9,0,12,43,133
275,107,31.3,30.34,19.7,769,No,South East,34.47,6,0,10,40,208
590,147,31.3,56.98,19.7,400,No,South East,43.54,3,0,10,24,120
480,15,31.4,21.05,2,2283,No,West,10.68,6,0,7,,27
343,100,31.4,22.6,2,1366,No,South East,31.3,2,66.66,9,,
-1691,41,31.4,23.01,3,2392,No,North,13.63,7,0,14,50,223
-1210,34,31.4,31.14,3.4,5441,No,West,29.46,12,10,26,50,95
175,43,31.4,23.79,4.7,2149,No,Large Cities,6.69,10,0,20,42,124
-1805,1,31.4,21.75,5.7,1485,No,South East,5.42,7,0,20,27,95
1887,159,31.4,21.63,5.7,4274,No,South East,13.07,10,0,12,27,95
390,19,31.4,44.01,10.5,131,No,South West,100,1,0,9,20,94
-533,65,31.4,37.17,14.6,10523,Global,South West,25.72,15,10.52,20,27,74
-904,143,31.4,24.21,19.7,3434,No,South East,11.94,10,11.11,20,30,120
1386,123,31.4,24.87,19.7,3712,No,South East,14.59,11,8.33,20,21,129
217,61,31.4,36.86,19.7,20538,No,South West,16.4,13,25,37,19,107
1809,2,31.4,40.6,19.7,6936,No,South East,25.89,13,0,28,36,153
-3551,39,31.4,31.13,19.7,2860,No,South East,31.03,10,0,33,30,120
-929,101,31.4,34.03,19.7,1541,No,North,75.9,4,0,13,30,102
-407,17,31.5,22.66,10.4,3579,No,East,18.01,11,8.33,13,37,124
-1543,99,31.5,32.15,15.9,2080,No,East,4.32,9,0,14,34,115
717,35,35.7,22.94,2,769,No,North,28.35,6,0,3,,67
-1646,128,35.7,39.1,2,995,No,South East,72.94,6,33.33,7,,
-4500,54,35.7,29.18,2.1,2288,No,North,31.4,12,0,17,,
-1319,36,35.7,31.98,2.1,872,Global,North,48.9,5,0,19,,
-444,161,35.7,23.52,2.3,1417,No,West,14.67,4,0,8,14,19
-1529,87,35.7,30.08,2.3,2047,No,West,35.88,4,0,10,14,19
652,57,35.7,22.99,3,2458,No,North,16.03,13,0,14,50,223
-2635,17,35.7,34.28,3.4,14118,No,West,40.4,16,26.66,15,50,95
-1274,62,35.7,29.27,3.5,4305,No,North,26.79,11,13.33,22,55,99
-1090,107,35.7,29.94,3.5,6766,No,North,29.58,13,8.33,19,55,99
-1471,124,35.7,28.11,3.6,5910,No,Large Cities,23.55,12,12.5,15,61,178
857,64,35.7,30.03,4,2071,No,Large Cities,18.23,6,0,7,37,156
-202,106,35.7,26.96,4,1796,Brand,Large Cities,24.63,1,0,6,37,156
790,73,35.7,27.64,4,3505,No,Large Cities,36.78,3,50,6,37,156
885,2,35.7,23.11,5.6,1577,No,East,26.66,1,14.28,11,30,138
-337,55,35.7,37.17,5.6,987,Global,East,58.3,1,0,14,30,138
-2229,84,35.7,25.72,6.7,4261,Global,West,6.52,15,22.22,16,22,48
-704,129,35.7,19.88,7.4,1712,No,Large Cities,4.25,7,0,15,32,144
594,80,35.7,21.91,7.4,1457,No,Large Cities,21.65,6,0,14,32,144
907,36,35.7,24.52,7.4,1819,No,Large Cities,49.6,10,40,15,32,144
-33,104,35.7,24.7,7.6,3807,No,Large Cities,25.75,6,0,21,24,84
-446,71,35.7,26.67,7.7,6586,No,East,18.29,10,0,23,37,134
565,27,35.7,31.39,8.3,1132,Brand,North,12.59,7,40,8,,
-852,21,35.7,32.86,8.3,4481,No,North,24.1,4,0,15,,
-1234,8,35.7,22.88,8.3,465,No,North,24.33,4,0,9,,
164,154,35.7,25.69,10.4,3948,No,South East,18.7,6,0,10,30,158
-485,6,35.7,45.07,10.4,736,No,South East,42.89,1,0,9,30,158
-1069,111,35.7,29.62,10.7,3646,No,Large Cities,5.01,9,0,19,21,86
-1720,38,35.7,24.98,10.7,1747,No,Large Cities,14.19,4,20,22,21,86
-1037,128,35.7,27.29,16.5,3860,No,East,21.62,11,9.09,15,40,129
-1366,99,35.7,34.01,19.5,7617,No,South West,34.01,11,12.5,12,31,101
239,85,35.7,35.79,19.7,4038,Global,South East,12.31,16,10,10,40,208
-144,155,35.7,26.73,19.7,4291,No,Large Cities,13.14,13,11.11,20,24,78
-376,64,35.7,38.15,19.7,1859,Global,South East,14,9,14.28,9,40,208
-1476,141,35.7,28.38,19.7,4274,No,South West,14.16,9,0,15,19,107
-459,1,35.7,22.05,19.7,2867,No,East,15.56,11,14.28,9,20,146
395,72,35.7,24.27,19.7,727,No,South East,18.09,3,33.33,9,40,208
-777,139,35.7,39.73,19.7,7023,Global,South West,19.69,12,0,4,51,111
-10,125,35.7,25.22,19.7,3312,No,South East,19.85,10,0,13,21,129
1385,102,35.7,27.96,19.7,7631,No,East,21.58,12,5.88,19,20,146
-2231,2,35.7,36.14,19.7,7506,Global,South East,41.07,7,7.14,16,38,136
500,110,35.7,38,19.7,540,No,South West,70.03,5,0,8,19,107